CREATE TABLE Teams (
    team_id SERIAL PRIMARY KEY,
    team_name VARCHAR(50),
    coach_name VARCHAR(50),
    group_name VARCHAR(10),
    captain VARCHAR(40)
);

select * from Teams
INSERT INTO Teams (team_id, team_name, coach_name, group_name, captain) 
values
      (1, 'Germany', 'Julius Nagelsmann', 'A', 'İlkay Gündoğan'),
      (2, 'Switzerland', 'Murat Yakin', 'A', 'Granit Xhaka'), 
      (3, 'Hungary', 'Marco Rossi', 'A', 'Dominik Szoboszlai' ),
      (4, 'Scotland', 'Steve Clarke', 'A','Andrew Robertson'  ),
      (5, 'Spain', 'Luis Fuente', 'B', 'Álvaro Morata' ),
      (6, 'Italy', 'Luciano Spalleti', 'B', 'Gianluigi Donnarumma' ),
      (7, 'Croatia', 'Zlatko_Dalic', 'B', 'Luka Modrić' ),
      (8, 'Albania', 'Brazilian Sylvinho', 'B', 'Berat Djimsiti' ),
      (9, 'England', 'Gareth Southgate', 'C', 'Harry Kane'),
      (10, 'Denmark', 'Kasper Hjulmand', 'C', 'Simon Kjær'),
      (11, 'Solvenia', 'Matjaz kek', 'C', 'Jan Oblak'),
      (12, 'Serbia', 'Dragan Stojkovic', 'C', 'Dušan Tadić'),
      (13, 'Austria', 'Ralf Rangnick', 'D', 'Marko Arnautović' ),
      (14, 'France', 'Didier Deschamps', 'D', 'Kylian Mbappé'),
      (15, 'Poland', 'Michal Probierz', 'D', 'Robert Lewandowski'),
      (16, 'Netherlands', 'Ronald Koeman', 'D', 'Virgil van Dijk'),
      (17, 'Romania', 'Edward Lordanescu', 'E', 'Nicolae Stanciu'),
      (18, 'Belgium', 'Domenico Tedesco', 'E', 'Kevin De Bruyne'),
      (19, 'Solvakia', 'Francesco Calzona', 'E', 'Milan Škriniar'),
      (20, 'Ukraine', 'Sergiy Rebrov', 'E', 'Andriy Yarmolenko'),
      (21, 'Portugal', 'Roberto_Martinez', 'F', 'Cristiano Ronaldo'),
      (22, 'Turkiye', 'Vincenzo Montella', 'F', 'Hakan Çalhanoğlu'),
      (23, 'Georgia', 'Willy Sagnol', 'F', 'Guram Kashia'),
      (24, 'Czechia', 'Ivan Hasek', 'F', 'Tomáš Souček');

/*confirming_each_group has_4_teams*/
SELECT 
    group_name, 
    COUNT(team_id) AS number_of_teams 
FROM 
    Teams 
GROUP BY 
     group_name;

/*confirming_each_team_is_in_its_proper_group*/
SELECT 
    team_name, 
    group_name 
FROM 
    Teams 
ORDER BY 
    group_name, 
    team_name;


select * from 

create table Players (
     player_id INT primary KEY not NULL,
     team_id INT REFERENCES Teams(team_id),
     first_name VARCHAR (30),
     last_name VARCHAR (40),
     position_played VARCHAR (50),
     jersey_number INT,
     league_team VARCHAR(50),
     date_of_birth DATE,
     age INT,
     caps INT);
select * from Players;

INSERT INTO Players (player_id, team_id, first_name, last_name, position_played, jersey_number, league_team, date_of_birth, age, caps)
VALUES 
(30, 1, 'Manuel', 'Neuer', 'GK', 1, 'Bayern Munich', '1986-03-27', 38, 119),
(31, 1, 'Antonio', 'Rudiger', 'DF', 2, 'Real Madrid', '1993-03-03', 31, 69),
(33, 1, 'David', 'Raum', 'DF', 3, 'RB Leipzig', '1998-04-22', 26, 21),
(34, 1, 'Jonathan', 'Tah', 'DF', 4, 'Bayer Leverkusen', '1996-04-11', 28, 25),
(35, 1, 'Pascal', 'Grob', 'MF', 5, 'Brighton & Hove Albion', '1991-06-15', 33, 7),
(36, 1, 'Joshua', 'Kimmich', 'DF', 6, 'Bayern Munich', '1995-02-08', 29, 86),
(37, 1, 'Kai', 'Havertz', 'FW', 7, 'Arsenal', '1999-06-11', 26, 16),
(38, 1, 'Toni', 'Kroos', 'MF', 8, 'Real Madrid', '1990-01-04', 34, 109),
(39, 1, 'Niclas', 'Fullkrug', 'FW', 9, 'Borussia Dortmund', '1993-02-09', 31, 16),
(40, 1, 'Jamal', 'Musiala', 'MF', 10, 'Bayern Munich', '2003-02-26', 21, 29),
(41, 1, 'Chris', 'Fuhrich', 'MF', 11, 'VfB Stuttgart', '1998-01-09', 26, 4),
(42, 1, 'Oliver', 'Baumann', 'GK', 12, 'TSG Hoffenheim', '1990-06-02', 35, 1),
(43, 1, 'Thomas', 'Müller', 'FW', 13, 'Bayern Munich', '1989-09-13', 36, 125),
(44, 1, 'Maximilian', 'Beier', 'FW', 14, 'TSG Hoffenheim', '2002-10-17', 22, 1),
(45, 1, 'Nico', 'Schlotterbeck', 'DF', 15, 'Borussia Dortmund', '1999-12-01', 25, 12),
(46, 1, 'Waldemar', 'Anton', 'DF', 16, 'VfB Stuttgart', '1996-06-20', 28, 2),
(47, 1, 'Florian', 'Wirtz', 'MF', 17, 'Bayer Leverkusen', '2003-05-03', 21, 18),
(48, 1, 'Maximilian', 'Mittelstädt', 'DF', 18, 'VfB Stuttgart', '1997-03-18', 27, 4),
(49, 1, 'Leroy', 'Sane', 'MF', 19, 'Bayern Munich', '1996-01-11', 28, 60),
(50, 1, 'Benjamin', 'Henrichs', 'DF', 20, 'RB Leipzig', '1997-02-23', 27, 15),
(51, 1, 'İlkay', 'Gündoğan', 'MF', 21, 'Barcelona', '1990-10-24', 34, 77),
(52, 1, 'Marc-Andre', 'Ter Stegen', 'GK', 22, 'Barcelona', '1992-04-30', 32, 40),
(53, 1, 'Robert', 'Andrich', 'MF', 23, 'Bayer Leverkusen', '1994-09-22', 30, 5),
(54, 1, 'Robin', 'Koch', 'DF', 24, 'Eintracht Frankfurt', '1996-07-17', 28, 9),
(55, 1, 'Emre', 'Can', 'MF', 25, 'Borussia Dortmund', '1994-01-12', 30, 43),
(56, 1, 'Deniz', 'Undav', 'FW', 26, 'VfB Stuttgart', '1996-07-19', 28, 2),
(57, 2, 'Yann', 'Sommer', 'GK', 1, 'Inter Milan', '1988-12-17', 36, 89),
(58, 2, 'Leonidas', 'Stergiou', 'DF', 2, 'VfB Stuttgart', '2002-03-03', 22, 3),
(59, 2, 'Silvan', 'Widmer', 'DF', 3, 'Mainz', '1993-03-05', 31, 43),
(60, 2, 'Nico', 'Elvedi', 'DF', 4, 'Borussia Mönchengladbach', '1996-09-30', 28, 53),
(61, 2, 'Manuel', 'Akanji', 'DF', 5, 'Manchester City', '1995-07-19', 29, 60),
(62, 2, 'Denis', 'Zakaria', 'MF', 6, 'Monaco', '1996-11-20', 28, 54),
(63, 2, 'Breel', 'Embolo', 'FW', 7, 'Monaco', '1997-02-14', 27, 63),
(64, 2, 'Remo', 'Freuler', 'MF', 8, 'Bologna', '1992-04-15', 32, 67),
(65, 2, 'Noah', 'Okafor', 'FW', 9, 'Milan', '2000-05-24', 24, 2),
(66, 2, 'Granit', 'Xhaka', 'MF', 10, 'Bayer Leverkusen', '1992-09-27', 32, 125),
(67, 2, 'Renato', 'Steffen', 'MF', 11, 'Lugano', '1991-11-03', 33, 4),
(68, 2, 'Yvon', 'Mvogo', 'GK', 12, 'Lorient', '1994-06-06', 31, 9),
(69, 2, 'Ricardo', 'Rodriguez', 'DF', 13, 'Torino', '1992-08-25', 32, 115),
(70, 2, 'Steven', 'Zuber', 'MF', 14, 'AEK Athens', '1991-08-17', 33, 54),
(71, 2, 'Cédric', 'Zesiger', 'DF', 15, 'VfL Wolfsburg', '1998-06-24', 26, 4),
(72, 2, 'Vincent', 'Sierro', 'MF', 16, 'Toulouse', '1995-10-08', 27, 3),
(73, 2, 'Ruben', 'Vargas', 'MF', 17, 'FC Augsburg', '1998-08-05', 26, 43),
(74, 2, 'Kwadwo', 'Duah', 'FW', 18, 'Ludogorets Razgrad', '1997-02-24', 27, 1),
(75, 2, 'Dan', 'Ndoye', 'FW', 19, 'Bologna', '2000-10-25', 24, 11),
(76, 2, 'Michel', 'Aebischer', 'MF', 20, 'Bologna', '1997-01-06', 27, 20),
(77, 2, 'Gregor', 'Kobel', 'GK', 21, 'Borussia Dortmund', '1997-12-06', 27, 5),
(78, 2, 'Fabian', 'Schär', 'DF', 22, 'Newcastle United', '1991-12-21', 33, 81),
(79, 2, 'Xherdan', 'Shaqiri', 'MF', 23, 'Chicago Fire', '1991-10-10', 33, 123),
(80, 2, 'Ardon', 'Jashari', 'MF', 24, 'Luzern', '2002-07-30', 22, 2),
(81, 2, 'Zeki', 'Amdouni', 'FW', 25, 'Burnley', '2000-12-04', 24, 15),
(82, 2, 'Fabian', 'Rieder', 'MF', 26, 'Rennes', '2002-02-16', 22, 5),
(83, 3, 'Péter', 'Gulácsi', 'GK', 1, 'RB Leipzig', '1990-05-06', 34, 54),
(84, 3, 'Ádám', 'Lang', 'DF', 2, 'Omonia', '1993-01-17', 31, 69),
(85, 3, 'Botond', 'Balogh', 'DF', 3, 'Parma', '2002-06-06', 22, 4),
(86, 3, 'Attila', 'Szalai', 'DF', 4, 'SC Freiburg', '1998-01-20', 26, 44),
(87, 3, 'Attila', 'Fiola', 'DF', 5, 'Fehérvár', '1990-02-17', 34, 57),
(88, 3, 'Willi', 'Orbán', 'DF', 6, 'RB Leipzig', '1992-11-03', 31, 45),
(89, 3, 'Loïc', 'Négo', 'DF', 7, 'Le Havre', '1991-01-15', 33, 36),
(90, 3, 'Ádám', 'Nagy', 'MF', 8, 'Spezia', '1995-06-17', 28, 81),
(91, 3, 'Martin', 'Ádám', 'FW', 9, 'Ulsan HD', '1994-11-06', 29, 22),
(92, 3, 'Dominik', 'Szoboszlai', 'MF', 10, 'Liverpool', '2000-10-25', 23, 42),
(93, 3, 'Milos', 'Kerkez', 'DF', 11, 'Bournemouth', '2003-11-07', 20, 16),
(94, 3, 'Dénes', 'Dibusz', 'GK', 12, 'Ferencváros', '1990-11-16', 33, 36),
(95, 3, 'András', 'Schäfer', 'MF', 13, 'Union Berlin', '1999-04-13', 25, 25),
(96, 3, 'Bendegúz', 'Bolla', 'DF', 14, 'Servette', '1999-11-22', 24, 17),
(97, 3, 'László', 'Kleinheisler', 'MF', 15, 'Hajduk Split', '1994-04-08', 30, 51),
(98, 3, 'Dániel', 'Gazdag', 'MF', 16, 'Philadelphia Union', '1996-03-02', 28, 25),
(99, 3, 'Callum', 'Styles', 'MF', 17, 'Sunderland', '2000-03-28', 24, 22),
(100, 3, 'Zsolt', 'Nagy', 'DF', 18, 'Puskás Akadémia', '1993-05-25', 31, 20),
(101, 3, 'Barnabás', 'Varga', 'FW', 19, 'Ferencváros', '1994-10-25', 29, 11),
(102, 3, 'Roland', 'Sallai', 'FW', 20, 'SC Freiburg', '1997-05-22', 27, 49),
(103, 3, 'Endre', 'Botka', 'DF', 21, 'Ferencváros', '1994-08-25', 29, 26),
(104, 3, 'Péter', 'Szappanos', 'GK', 22, 'Paks', '1990-11-14', 33, 1),
(105, 3, 'Kevin', 'Csoboth', 'FW', 23, 'Újpest', '2000-06-20', 23, 8),
(106, 3, 'Márton', 'Dárdai', 'DF', 24, 'Hertha BSC', '2002-02-12', 22, 3),
(107, 3, 'Krisztofer', 'Horváth', 'FW', 25, 'Kecskemét', '2002-01-08', 22, 2),
(108, 3, 'Mihály', 'Kata', 'MF', 26, 'MTK Budapest', '2002-04-13', 22, 3),
(109, 4, 'Angus', 'Gunn', 'GK', 1, 'Norwich City', '1996-01-22', 28, 10),
(110, 4, 'Anthony', 'Ralston', 'DF', 2, 'Celtic', '1998-11-16', 25, 9),
(111, 4, 'Andrew', 'Robertson', 'DF', 3, 'Liverpool', '1994-03-11', 30, 71),
(112, 4, 'Scott', 'McTominay', 'MF', 4, 'Manchester United', '1996-12-08', 27, 49),
(113, 4, 'Grant', 'Hanley', 'DF', 5, 'Norwich City', '1991-11-20', 32, 50),
(114, 4, 'Kieran', 'Tierney', 'DF', 6, 'Real Sociedad', '1997-06-05', 27, 45),
(115, 4, 'John', 'McGinn', 'MF', 7, 'Aston Villa', '1994-10-18', 29, 66),
(116, 4, 'Callum', 'McGregor', 'MF', 8, 'Celtic', '1993-06-14', 31, 60),
(117, 4, 'Lawrence', 'Shankland', 'FW', 9, 'Heart of Midlothian', '1995-08-10', 28, 11),
(118, 4, 'Ché', 'Adams', 'FW', 10, 'Southampton', '1996-07-13', 27, 30),
(119, 4, 'Ryan', 'Christie', 'FW', 11, 'Bournemouth', '1995-02-22', 29, 49),
(120, 4, 'Liam', 'Kelly', 'GK', 12, 'Motherwell', '1996-01-23', 28, 1),
(121, 4, 'Jack', 'Hendry', 'DF', 13, 'Al-Ettifaq', '1995-05-07', 29, 31),
(122, 4, 'Billy', 'Gilmour', 'MF', 14, 'Brighton & Hove Albion', '2001-06-11', 23, 27),
(123, 4, 'Ryan', 'Porteous', 'DF', 15, 'Watford', '1999-03-25', 25, 11),
(124, 4, 'Liam', 'Cooper', 'DF', 16, 'Leeds United', '1991-08-30', 32, 19),
(125, 4, 'Stuart', 'Armstrong', 'MF', 17, 'Southampton', '1992-03-30', 32, 50),
(126, 4, 'Lewis', 'Morgan', 'MF', 18, 'New York Red Bulls', '1996-09-30', 27, 3),
(127, 4, 'Tommy', 'Conway', 'FW', 19, 'Bristol City', '2002-08-06', 21, 1),
(128, 4, 'Ryan', 'Jack', 'MF', 20, 'Rangers', '1992-02-27', 32, 20),
(129, 4, 'Zander', 'Clark', 'GK', 21, 'Heart of Midlothian', '1992-06-26', 31, 4),
(130, 4, 'Ross', 'McCrorie', 'DF', 22, 'Bristol City', '1998-03-18', 26, 1),
(131, 4, 'Kenny', 'McLean', 'MF', 23, 'Norwich City', '1992-01-08', 32, 39),
(132, 4, 'Greg', 'Taylor', 'DF', 24, 'Celtic', '1997-11-05', 26, 14),
(133, 4, 'James', 'Forrest', 'MF', 25, 'Celtic', '1991-07-07', 32, 39),
(134, 4, 'Scott', 'McKenna', 'DF', 26, 'Copenhagen', '1996-11-12', 27, 35);

INSERT INTO Players (player_id, team_id, first_name, last_name, position_played, jersey_number, league_team, date_of_birth, age, caps)
VALUES 
(135, 5, 'David', 'Raya', 'GK', 1, 'Arsenal', '1995-09-15', 28, 5),
(136, 5, 'Dani', 'Carvajal', 'DF', 2, 'Real Madrid', '1992-01-11', 32, 44),
(137, 5, 'Robin', 'Le Normand', 'DF', 3, 'Real Sociedad', '1996-11-11', 27, 11),
(138, 5, 'Nacho', 'Fernández', 'DF', 4, 'Real Madrid', '1990-01-18', 34, 25),
(139, 5, 'Daniel', 'Vivian', 'DF', 5, 'Athletic Bilbao', '1999-07-05', 25, 2),
(140, 5, 'Mikel', 'Merino', 'MF', 6, 'Real Sociedad', '1996-06-22', 27, 21),
(141, 5, 'Álvaro', 'Morata', 'FW', 7, 'Atlético Madrid', '1992-10-23', 31, 73),
(142, 5, 'Fabián', 'Ruiz', 'MF', 8, 'Paris Saint-Germain', '1996-04-03', 28, 23),
(143, 5, 'Joselu', 'Mato', 'FW', 9, 'Real Madrid', '1990-03-27', 34, 11),
(144, 5, 'Dani', 'Olmo', 'FW', 10, 'RB Leipzig', '1998-05-07', 26, 33),
(145, 5, 'Ferran', 'Torres', 'FW', 11, 'Barcelona', '2000-02-29', 24, 41),
(146, 5, 'Álex', 'Grimaldo', 'DF', 12, 'Bayer Leverkusen', '1995-09-20', 28, 4),
(147, 5, 'Álex', 'Remiro', 'GK', 13, 'Real Sociedad', '1995-03-24', 29, 1),
(148, 5, 'Aymeric', 'Laporte', 'DF', 14, 'Al Nassr', '1994-05-27', 31, 29),
(149, 5, 'Álex', 'Baena', 'MF', 15, 'Villarreal', '2001-07-20', 23, 3),
(150, 5, 'Rodri', 'Hernández', 'MF', 16, 'Manchester City', '1996-06-22', 27, 50),
(151, 5, 'Nico', 'Williams', 'FW', 17, 'Athletic Bilbao', '2002-07-12', 22, 14),
(152, 5, 'Martín', 'Zubimendi', 'MF', 18, 'Real Sociedad', '1999-02-02', 25, 6),
(153, 5, 'Lamine', 'Yamal', 'FW', 19, 'Barcelona', '2007-07-13', 17, 7),
(154, 5, 'Pedri', 'González', 'MF', 20, 'Barcelona', '2002-11-25', 21, 20),
(155, 5, 'Mikel', 'Oyarzabal', 'FW', 21, 'Real Sociedad', '1997-04-21', 27, 30),
(156, 5, 'Jesús', 'Navas', 'DF', 22, 'Sevilla', '1985-11-21', 38, 53),
(157, 5, 'Unai', 'Simón', 'GK', 23, 'Athletic Bilbao', '1997-06-11', 27, 40),
(158, 5, 'Marc', 'Cucurella', 'DF', 24, 'Chelsea', '1998-07-22', 26, 4),
(159, 5, 'Fermín', 'López', 'MF', 25, 'Barcelona', '2003-05-11', 21, 1),
(160, 5, 'Ayoze', 'Pérez', 'FW', 26, 'Real Betis', '1993-07-29', 31, 1),
(161, 6, 'Gianluigi', 'Donnarumma', 'GK', 1, 'Paris Saint Germain', '1999-02-25', 25, 62),  
(162, 6, 'Giovanni', 'Di Lorenzo',	'DF', 2, 'Napoli', '1993-08-04', 34, 35), 
(163, 6, 'Federico', 'Dimarco', 'DF', 3, 'Inter Milan', '1997-11-10', 27, 19), 
(164, 6, 'Alessandro', 'Buongiorno', 'DF', 4, 'Torino', '1999-06-06', 26, 4), 
(165, 6, 'Riccardo', 'Calafiori', 'DF', 5, 'Bologna', '2002-05-19', 23,	2),
(166, 6, 'Federico', 'Gatti', 'DF', 6, 'Juventus', '1998-06-24', 26, 3), 
(167, 6, 'Davide', 'Frattesi', 'MF', 7, 'Inter Milan', '1999-08-22',  25, 15),
(168, 6, 'Jorginho', 'Omri', 'MF', 8, 'Arsenal',  '1991-12-20', 32, 54),	
(169, 6, 'Gianluca', 'Scamacca', 'MF', 9, 'Atalanta', '1999-01-01', 25, 16), 
(170, 6, 'Lorenzo', 'Pellegrini', 'MF', 10, 'Roma', '1996-06-19', 28, 30), 
(171, 6, 'Giacomo', 'Raspadori', 'FW', 11, 'Napoli', '2000-02-18', 24, 28), 
(172, 6, 'Guglielmo', 'Vicario', 'GK', 12,'Tottenham Hotspur', '1996-10-07', 28, 2), 
(173, 6, 'Matteo',  'Darmian', 'DF', 13, 'Inter Milan', '1989-12-02', 35,	43), 
(174, 6, 'Federico', 'Chiesa', 'FW', 14, 'Juventus', '1997-10-25',  27, 47),
(175, 6, 'Raoul', 'Bellanova', 'DF', 15, 'Torino',	'2000-05-17', 24,	2),
(176, 6, 'Bryan', 'Cristante',	'MF', 16, 'Roma', '1995-03-03', 29, 40),
(177, 6, 'Gianluca', 'Mancini', 'DF', 17,  'Roma', '1996-04-17', 28, 13),
(178, 6, 'Nicolò', 'Barella', 'MF', 18, 'Inter Milan', '1997-02-07',  27, 53), 
(179, 6, 'Mateo', 'Retegui', 'FW', 19, 'Genoa',	'1999-04-29', 25,	8), 
(180, 6, 'Mattia', 'Zaccagni', 'FW', 20, 'Lazio', '1995-06-16', 29, 5), 
(181, 6, 'Nicolo', 'Fagioli', 'MF', 21, 'Juventus', '2001-02-12', 23, 3), 
(182, 6, 'Stephan', 'El Shaarawy', 'FW', 22, 'Roma', '1992-10-27', 32, 31),
(183, 6, 'Alessandro', 'Bastoni', 'DF', 23, 'Inter Milan', '1999-04-13', 25, 23), 
(184, 6, 'Andrea', 'Cambiaso', 'DF', 24, 'Juventus', '2000-02-20', 24, 4), 
(185, 6, 'Michael', 'Folorunsho', 'FW', 25, 'Hellas Verona', '1998-02-07', 26, 0), 
(186, 6, 'Alex',  'Meret', 'GK', 26, 'Napoli',	'1997-03-22', 27, 3),
(187, 7, 'Dominik', 'Livaković', 'GK', 1, 'Fenerbahçe', '1995-01-09', 29, 54),
(188, 7, 'Josip', 'Stanišić', 'DF', 2, 'Bayer Leverkusen', '2000-04-02', 24, 18),
(189, 7, 'Marin', 'Pongračić', 'DF', 3, 'Lecce', '1997-09-11', 26, 8),
(190, 7, 'Joško', 'Gvardiol', 'DF', 4, 'Manchester City', '2002-01-23', 22, 30),
(191, 7, 'Martin', 'Erlić', 'DF', 5, 'Sassuolo', '1998-01-24', 26, 9),
(192, 7, 'Josip', 'Šutalo', 'DF', 6, 'Ajax', '2000-02-28', 24, 14),
(193, 7, 'Lovro', 'Majer', 'MF', 7, 'VfL Wolfsburg', '1998-01-17', 26, 31),
(194, 7, 'Mateo', 'Kovačić', 'MF', 8, 'Manchester City', '1994-05-06', 30, 101),
(195, 7, 'Andrej', 'Kramarić', 'FW', 9, 'TSG Hoffenheim', '1991-06-19', 33, 93),
(196, 7, 'Luka', 'Modrić', 'MF', 10, 'Real Madrid', '1985-09-09', 38, 175),
(197, 7, 'Marcelo', 'Brozović', 'MF', 11, 'Al Nassr', '1992-11-16', 31, 96),
(198, 7, 'Nediljko', 'Labrović', 'GK', 12, 'Rijeka', '1999-10-10', 24, 1),
(199, 7, 'Nikola', 'Vlašić', 'MF', 13, 'Torino', '1997-10-04', 26, 56),
(200, 7, 'Ivan', 'Perišić', 'FW', 14, 'Hajduk Split', '1989-02-02', 35, 131),
(201, 7, 'Mario', 'Pašalić', 'MF', 15, 'Atalanta', '1995-02-09', 29, 63),
(202, 7, 'Ante', 'Budimir', 'FW', 16, 'Osasuna', '1991-07-22', 32, 21),
(203, 7, 'Bruno', 'Petković', 'FW', 17, 'Dinamo Zagreb', '1994-09-16', 29, 38),
(204, 7, 'Luka', 'Ivanušec', 'FW', 18, 'Feyenoord', '1998-11-26', 25, 21),
(205, 7, 'Borna', 'Sosa', 'DF', 19, 'Ajax', '1998-01-21', 26, 20),
(206, 7, 'Marko', 'Pjaca', 'FW', 20, 'Rijeka', '1995-05-06', 29, 26),
(207, 7, 'Domagoj', 'Vida', 'DF', 21, 'AEK Athens', '1989-04-29', 35, 105),
(208, 7, 'Josip', 'Juranović', 'DF', 22, 'Union Berlin', '1995-08-16', 28, 37),
(209, 7, 'Ivica', 'Ivušić', 'GK', 23, 'Pafos', '1995-02-01', 29, 6),
(210, 7, 'Marco', 'Pašalić', 'FW', 24, 'Rijeka', '2000-09-14', 23, 5),
(211, 7, 'Luka', 'Sučić', 'MF', 25, 'Red Bull Salzburg', '2002-09-08', 22, 7),
(212, 7, 'Martin', 'Baturina', 'MF', 26, 'Dinamo Zagreb', '2003-02-16', 21, 3),
(213, 8, 'Etrit', 'Berisha', 'GK', 1, 'Empoli', '1989-03-10', 35, 81),
(214, 8, 'Iván', 'Balliu', 'DF', 2, 'Rayo Vallecano', '1992-01-01', 32, 13),
(215, 8, 'Mario', 'Mitaj', 'DF', 3, 'Lokomotiv Moscow', '2003-08-06', 21, 14),
(216, 8, 'Elseid', 'Hysaj', 'DF', 4, 'Lazio', '1994-02-02', 30, 84),
(217, 8, 'Arlind', 'Ajeti', 'DF', 5, 'CFR Cluj', '1993-09-25', 30, 26),
(218, 8, 'Berat', 'Djimsiti', 'DF', 6, 'Atalanta', '1993-02-19', 31, 58),
(219, 8, 'Rey', 'Manaj', 'FW', 7, 'Sivasspor', '1997-02-24', 27, 34),
(220, 8, 'Klaus', 'Gjasula', 'MF', 8, 'Darmstadt 98', '1989-12-14', 34, 28),
(221, 8, 'Jasir', 'Asani', 'FW', 9, 'Gwangju', '1995-05-19', 29, 13),
(222, 8, 'Nedim', 'Bajrami', 'MF', 10, 'Sassuolo', '1999-02-28', 25, 23),
(223, 8, 'Armando', 'Broja', 'FW', 11, 'Fulham', '2001-09-10', 22, 21),
(224, 8, 'Elhan', 'Kastrati', 'GK', 12, 'Cittadella', '1997-02-02', 27, 2),
(225, 8, 'Enea', 'Mihaj', 'DF', 13, 'Famalicão', '1998-07-05', 25, 19),
(226, 8, 'Qazim', 'Laçi', 'MF', 14, 'Sparta Prague', '1996-01-19', 28, 27),
(227, 8, 'Taulant', 'Seferi', 'MF', 15, 'Baniyas', '1996-11-15', 27, 19),
(228, 8, 'Medon', 'Berisha', 'FW', 16, 'Lecce', '2003-10-21', 21, 1),
(229, 8, 'Ernest', 'Muçi', 'FW', 17, 'Beşiktaş', '2001-03-19', 23, 10),
(230, 8, 'Ardian', 'Ismajli', 'DF', 18, 'Empoli', '1996-09-30', 27, 38),
(231, 8, 'Mirlind', 'Daku', 'FW', 19, 'Rubin Kazan', '1998-01-01', 26, 5),
(232, 8, 'Ylber', 'Ramadani', 'MF', 20, 'Lecce', '1996-04-12', 28, 35),
(233, 8, 'Kristjan', 'Asllani', 'MF', 21, 'Inter Milan', '2002-03-09', 22, 20),
(234, 8, 'Amir', 'Abrashi', 'MF', 22, 'Grasshoppers', '1990-03-27', 34, 50),
(235, 8, 'Thomas', 'Strakosha', 'GK', 23, 'Brentford', '1995-03-19', 29, 28),
(236, 8, 'Marash', 'Kumbulla', 'DF', 24, 'Sassuolo', '2000-02-08', 24, 19),
(237, 8, 'Naser', 'Aliji', 'DF', 25, 'Voluntari', '1993-12-27', 30, 14),
(238, 8, 'Arbër', 'Hoxha', 'FW', 26, 'Dinamo Zagreb', '1998-10-06', 25, 4);

INSERT INTO Players (player_id, team_id, first_name, last_name, position_played, jersey_number, league_team, date_of_birth, age, caps)
VALUES
(239, 9, 'Jordan', 'Pickford', 'GK', 1, 'Everton', '1994-03-07', 30, 61),
(240, 9, 'Kyle', 'Walker', 'DF', 2, 'Manchester City', '1990-05-28', 34, 83),
(241, 9, 'Luke', 'Shaw', 'DF', 3, 'Manchester United', '1995-07-12', 29, 31),
(242, 9, 'Declan', 'Rice', 'MF', 4, 'Arsenal', '1999-01-14', 25, 51),
(243, 9, 'John', 'Stones', 'DF', 5, 'Manchester City', '1994-05-28', 30, 72),
(244, 9, 'Marc', 'Guéhi', 'DF', 6, 'Crystal Palace', '2000-07-13', 24, 11),
(245, 9, 'Bukayo', 'Saka', 'FW', 7, 'Arsenal', '2001-09-05', 22, 33),
(246, 9, 'Trent', 'Alexander Arnold', 'DF', 8, 'Liverpool', '1998-10-07', 26, 25),
(247, 9, 'Harry', 'Kane', 'FW', 9, 'Bayern Munich', '1993-07-28', 31, 91),
(248, 9, 'Jude', 'Bellingham', 'MF', 10, 'Real Madrid', '2003-06-29', 21, 29),
(249, 9, 'Phil', 'Foden', 'MF', 11, 'Manchester City', '2000-05-28', 24, 34),
(250, 9, 'Kieran', 'Trippier', 'DF', 12, 'Newcastle United', '1990-09-19', 33, 48),
(251, 9, 'Aaron', 'Ramsdale', 'GK', 13, 'Arsenal', '1998-05-14', 26, 5),
(252, 9, 'Ezri', 'Konsa', 'DF', 14, 'Aston Villa', '1997-10-23', 26, 4),
(253, 9, 'Lewis', 'Dunk', 'DF', 15, 'Brighton & Hove Albion', '1991-11-21', 33, 6),
(254, 9, 'Conor', 'Gallagher', 'MF', 16, 'Chelsea', '2000-02-06', 24, 13),
(255, 9, 'Ivan', 'Toney', 'FW', 17, 'Brentford', '1996-03-16', 28, 3),
(256, 9, 'Anthony', 'Gordon', 'FW', 18, 'Newcastle United', '2001-02-24', 23, 3),
(257, 9, 'Ollie', 'Watkins', 'FW', 19, 'Aston Villa', '1995-12-30', 28, 12),
(258, 9, 'Jarrod', 'Bowen', 'FW', 20, 'West Ham United', '1996-12-20', 27, 8),
(259, 9, 'Eberechi', 'Eze', 'FW', 21, 'Crystal Palace', '1998-06-29', 26, 4),
(260, 9, 'Joe', 'Gomez', 'DF', 22, 'Liverpool', '1997-05-23', 27, 15),
(261, 9, 'Dean', 'Henderson', 'GK', 23, 'Crystal Palace', '1997-03-12', 27, 1),
(262, 9, 'Cole', 'Palmer', 'MF', 24, 'Chelsea', '2002-05-06', 22, 4),
(263, 9, 'Adam', 'Wharton', 'MF', 25, 'Crystal Palace', '2004-02-06', 20, 1),
(264, 9, 'Kobbie', 'Mainoo', 'MF', 26, 'Manchester United', '2005-04-19', 19, 3);

INSERT INTO Players (player_id, team_id, first_name, last_name, position_played, jersey_number, league_team, date_of_birth, age, caps)
VALUES
(265, 10, 'Kasper', 'Schmeichel', 'GK', 1, 'Anderlecht', '1986-11-05', 37, 101),
(266, 10, 'Joachim', 'Andersen', 'DF', 2, 'Crystal Palace', '1996-05-31', 28, 32),
(267, 10, 'Jannik', 'Vestergaard', 'DF', 3, 'Leicester City', '1992-08-03', 31, 41),
(268, 10, 'Simon', 'Kjær', 'DF', 4, 'Milan', '1989-03-26', 35, 132),
(269, 10, 'Joakim', 'Mæhle', 'DF', 5, 'VfL Wolfsburg', '1997-05-20', 27, 45),
(270, 10, 'Andreas', 'Christensen', 'DF', 6, 'Barcelona', '1996-04-10', 28, 69),
(271, 10, 'Mathias', 'Jensen', 'MF', 7, 'Brentford', '1996-01-01', 28, 30),
(272, 10, 'Thomas', 'Delaney', 'MF', 8, 'Anderlecht', '1991-09-03', 32, 78),
(273, 10, 'Rasmus', 'Højlund', 'FW', 9, 'Manchester United', '2003-02-04', 21, 14),
(274, 10, 'Christian', 'Eriksen', 'MF', 10, 'Manchester United', '1992-02-14', 32, 130),
(275, 10, 'Andreas', 'Skov Olsen', 'FW', 11, 'Club Brugge', '1999-12-29', 24, 30),
(276, 10, 'Kasper', 'Dolberg', 'FW', 12, 'Anderlecht', '1997-10-06', 26, 47),
(277, 10, 'Mathias', 'Jørgensen', 'DF', 13, 'Brentford', '1990-04-23', 34, 37),
(278, 10, 'Mikkel', 'Damsgaard', 'FW', 14, 'Brentford', '2000-07-03', 24, 27),
(279, 10, 'Christian', 'Nørgaard', 'MF', 15, 'Brentford', '1994-03-10', 30, 25),
(280, 10, 'Mads', 'Hermansen', 'GK', 16, 'Leicester City', '2000-07-11', 24, 0),
(281, 10, 'Victor', 'Kristiansen', 'DF', 17, 'Bologna', '2002-12-16', 21, 8),
(282, 10, 'Alexander', 'Bah', 'DF', 18, 'Benfica', '1997-12-09', 26, 11),
(283, 10, 'Jonas', 'Wind', 'FW', 19, 'VfL Wolfsburg', '1999-02-07', 25, 27),
(284, 10, 'Yussuf', 'Poulsen', 'FW', 20, 'RB Leipzig', '1994-06-15', 30, 79),
(285, 10, 'Morten', 'Hjulmand', 'MF', 21, 'Sporting CP', '1999-06-25', 24, 7),
(286, 10, 'Frederik', 'Rønnow', 'GK', 22, 'Union Berlin', '1992-08-04', 31, 10),
(287, 10, 'Pierre-Emile', 'Højbjerg', 'MF', 23, 'Tottenham Hotspur', '1995-08-05', 28, 77),
(288, 10, 'Anders', 'Dreyer', 'MF', 24, 'Anderlecht', '1998-05-02', 26, 3),
(289, 10, 'Rasmus', 'Kristensen', 'DF', 25, 'Roma', '1997-07-11', 27, 21),
(290, 10, 'Jacob', 'Bruun Larsen', 'MF', 26, 'Burnley', '1998-09-19', 26, 6),
(291, 11, 'Jan', 'Oblak', 'GK', 1, 'Atlético Madrid', '1993-01-07', 31, 65),
(292, 11, 'Žan', 'Karničnik', 'DF', 2, 'Celje', '1994-09-18', 29, 28),
(293, 11, 'Jure', 'Balkovec', 'DF', 3, 'Alanyaspor', '1994-09-09', 29, 33),
(294, 11, 'Miha', 'Blažič', 'DF', 4, 'Lech Poznań', '1993-05-08', 31, 32),
(295, 11, 'Jon', 'Gorenc Stanković', 'DF', 5, 'Sturm Graz', '1996-01-14', 28, 24),
(296, 11, 'Jaka', 'Bijol', 'DF', 6, 'Udinese', '1999-02-05', 25, 49),
(297, 11, 'Benjamin', 'Verbič', 'MF', 7, 'Panathinaikos', '1993-11-27', 30, 58),
(298, 11, 'Sandi', 'Lovrić', 'MF', 8, 'Udinese', '1998-03-28', 26, 35),
(299, 11, 'Andraž', 'Šporar', 'FW', 9, 'Panathinaikos', '1994-02-27', 30, 53),
(300, 11, 'Timi Max', 'Elšnik', 'MF', 10, 'Olimpija Ljubljana', '1998-04-29', 26, 15),
(301, 11, 'Benjamin', 'Šeško', 'FW', 11, 'RB Leipzig', '2003-05-31', 22, 29),
(302, 11, 'Vid', 'Belec', 'GK', 12, 'APOEL', '1990-06-06', 34, 21),
(303, 11, 'Erik', 'Janža', 'DF', 13, 'Górnik Zabrze', '1993-06-21', 31, 10),
(304, 11, 'Jasmin', 'Kurtić', 'MF', 14, 'Südtirol', '1989-01-10', 35, 91),
(305, 11, 'Tomi', 'Horvat', 'MF', 15, 'Sturm Graz', '1999-03-24', 25, 7),
(306, 11, 'Igor', 'Vekić', 'GK', 16, 'Vejle', '1998-05-06', 26, 1),
(307, 11, 'Jan', 'Mlakar', 'FW', 17, 'Pisa', '1998-10-23', 25, 17),
(308, 11, 'Žan', 'Vipotnik', 'FW', 18, 'Bordeaux', '2002-03-18', 22, 9),
(309, 11, 'Žan', 'Celar', 'FW', 19, 'Lugano', '1999-03-14', 25, 10),
(310, 11, 'Petar', 'Stojanović', 'DF', 20, 'Sampdoria', '1995-10-07', 28, 53),
(311, 11, 'Vanja', 'Drkušić', 'DF', 21, 'Sochi', '1999-10-30', 25, 7),
(312, 11, 'Adam', 'Gnezda Čerin', 'MF', 22, 'Panathinaikos', '1999-07-16', 25, 31),
(313, 11, 'David', 'Brekalo', 'DF', 23, 'Orlando City', '1998-12-03', 25, 13),
(314, 11, 'Nino', 'Žugelj', 'MF', 24, 'Bodø/Glimt', '2000-05-23', 24, 1),
(315, 11, 'Adrian', 'Zeljković', 'MF', 25, 'Spartak Trnava', '2002-08-19', 21, 1),
(316, 11, 'Josip', 'Iličić', 'MF', 26, 'Maribor', '1988-01-29', 36, 81);

INSERT INTO Players (player_id, team_id, first_name, last_name, position_played, jersey_number, league_team, date_of_birth, age, caps)
VALUES
(317, 12, 'Predrag', 'Rajković', 'GK', 1, 'Mallorca', '1995-10-31', 28, 32),
(318, 12, 'Strahinja', 'Pavlović', 'DF', 2, 'Red Bull Salzburg', '2001-05-24', 23, 35),
(319, 12, 'Nemanja', 'Stojić', 'DF', 3, 'TSC', '1998-01-15', 26, 2),
(320, 12, 'Nikola', 'Milenković', 'DF', 4, 'Fiorentina', '1997-10-12', 26, 53),
(321, 12, 'Nemanja', 'Maksimović', 'MF', 5, 'Getafe', '1995-01-26', 29, 49),
(322, 12, 'Nemanja', 'Gudelj', 'MF', 6, 'Sevilla', '1991-11-16', 32, 62),
(323, 12, 'Dušan', 'Vlahović', 'FW', 7, 'Juventus', '2000-01-28', 24, 27),
(324, 12, 'Luka', 'Jović', 'FW', 8, 'Milan', '1997-12-23', 26, 35),
(325, 12, 'Aleksandar', 'Mitrović', 'FW', 9, 'Al Hilal', '1994-09-16', 30, 91),
(326, 12, 'Dušan', 'Tadić', 'FW', 10, 'Fenerbahçe', '1988-11-20', 35, 108),
(327, 12, 'Filip', 'Kostić', 'FW', 11, 'Juventus', '1992-11-01', 31, 63),
(328, 12, 'Đorđe', 'Petrović', 'GK', 12, 'Chelsea', '1999-10-08', 24, 3),
(329, 12, 'Miloš', 'Veljković', 'DF', 13, 'Werder Bremen', '1995-09-26', 28, 30),
(330, 12, 'Andrija', 'Živković', 'FW', 14, 'PAOK', '1996-07-11', 27, 46),
(331, 12, 'Srđan', 'Babić', 'DF', 15, 'Spartak Moscow', '1996-04-22', 28, 8),
(332, 12, 'Srđan', 'Mijailović', 'MF', 16, 'Red Star Belgrade', '1993-11-10', 30, 7),
(333, 12, 'Ivan', 'Ilić', 'MF', 17, 'Torino', '2001-03-17', 23, 16),
(334, 12, 'Petar', 'Ratkov', 'FW', 18, 'Red Bull Salzburg', '2003-08-18', 20, 1),
(335, 12, 'Lazar', 'Samardžić', 'MF', 19, 'Udinese', '2002-02-24', 22, 9),
(336, 12, 'Sergej', 'Milinković-Savić', 'MF', 20, 'Al Hilal', '1995-02-27', 29, 51),
(337, 12, 'Mijat', 'Gaćinović', 'MF', 21, 'AEK Athens', '1995-02-08', 29, 27),
(338, 12, 'Saša', 'Lukić', 'MF', 22, 'Fulham', '1996-08-13', 27, 46),
(339, 12, 'Vanja', 'Milinković-Savić', 'GK', 23, 'Torino', '1997-02-20', 27, 19),
(340, 12, 'Uroš', 'Spajić', 'DF', 24, 'Red Star Belgrade', '1993-02-13', 31, 21),
(341, 12, 'Filip', 'Mladenović', 'DF', 25, 'Panathinaikos', '1991-08-15', 32, 31),
(342, 12, 'Veljko', 'Birmančević', 'MF', 26, 'Sparta Prague', '1998-03-05', 26, 5),
(343, 13, 'Heinz', 'Lindner', 'GK', 1, 'Union SG', '1990-07-17', 33, 37),
(344, 13, 'Maximilian', 'Wöber', 'DF', 2, 'Borussia Mönchengladbach', '1998-02-04', 26, 25),
(345, 13, 'Gernot', 'Trauner', 'DF', 3, 'Feyenoord', '1992-03-25', 32, 11),
(346, 13, 'Kevin', 'Danso', 'DF', 4, 'Lens', '1998-09-19', 25, 20),
(347, 13, 'Stefan', 'Posch', 'DF', 5, 'Bologna', '1997-05-14', 27, 32),
(348, 13, 'Nicolas', 'Seiwald', 'MF', 6, 'RB Leipzig', '2001-05-04', 23, 24),
(349, 13, 'Marko', 'Arnautović', 'FW', 7, 'Inter Milan', '1989-04-19', 35, 112),
(350, 13, 'Alexander', 'Prass', 'MF', 8, 'Sturm Graz', '2001-05-26', 23, 5),
(351, 13, 'Marcel', 'Sabitzer', 'MF', 9, 'Borussia Dortmund', '1994-03-17', 30, 78),
(352, 13, 'Florian', 'Grillitsch', 'MF', 10, 'TSG Hoffenheim', '1995-08-07', 28, 43),
(353, 13, 'Michael', 'Gregoritsch', 'FW', 11, 'SC Freiburg', '1994-04-18', 30, 55),
(354, 13, 'Niklas', 'Hedl', 'GK', 12, 'Rapid Wien', '2001-03-17', 23, 1),
(355, 13, 'Patrick', 'Pentz', 'GK', 13, 'Brøndby', '1997-01-02', 27, 6),
(356, 13, 'Leopold', 'Querfeld', 'DF', 14, 'Rapid Wien', '2003-12-20', 20, 2),
(357, 13, 'Philipp', 'Lienhart', 'DF', 15, 'SC Freiburg', '1996-07-11', 27, 21),
(358, 13, 'Phillipp', 'Mwene', 'DF', 16, 'Mainz 05', '1994-01-29', 30, 12),
(359, 13, 'Florian', 'Kainz', 'MF', 17, '1. FC Köln', '1992-10-24', 31, 28),
(360, 13, 'Romano', 'Schmid', 'MF', 18, 'Werder Bremen', '2000-01-27', 24, 11),
(361, 13, 'Christoph', 'Baumgartner', 'MF', 19, 'RB Leipzig', '1999-08-01', 24, 38),
(362, 13, 'Konrad', 'Laimer', 'MF', 20, 'Bayern Munich', '1997-05-27', 27, 36),
(363, 13, 'Flavius', 'Daniliuc', 'DF', 21, 'Red Bull Salzburg', '2001-04-27', 23, 3),
(364, 13, 'Matthias', 'Seidl', 'MF', 22, 'Rapid Wien', '2001-01-24', 23, 4),
(365, 13, 'Patrick', 'Wimmer', 'DF', 23, 'VfL Wolfsburg', '2001-05-30', 23, 12),
(366, 13, 'Andreas', 'Weimann', 'FW', 24, 'West Bromwich Albion', '1991-08-05', 32, 24),
(367, 13, 'Maximilian', 'Entrup', 'FW', 25, 'TSV Hartberg', '1997-07-25', 26, 3),
(368, 13, 'Marco', 'Grüll', 'MF', 26, 'Rapid Wien', '1998-07-06', 25, 5);

INSERT INTO Players (player_id, team_id, first_name, last_name, position_played, jersey_number, league_team, date_of_birth, age, caps)
VALUES
(369, 14, 'Brice', 'Samba', 'GK', 1, 'Lens', '1994-04-25', 30, 3),
(370, 14, 'Benjamin', 'Pavard', 'DF', 2, 'Inter Milan', '1996-03-28', 28, 54),
(371, 14, 'Ferland', 'Mendy', 'DF', 3, 'Real Madrid', '1995-06-08', 29, 10),
(372, 14, 'Dayot', 'Upamecano', 'DF', 4, 'Bayern Munich', '1998-10-27', 26, 20),
(373, 14, 'Jules', 'Koundé', 'DF', 5, 'Barcelona', '1998-11-12', 25, 28),
(374, 14, 'Eduardo', 'Camavinga', 'MF', 6, 'Real Madrid', '2002-11-10', 21, 17),
(375, 14, 'Antoine', 'Griezmann', 'MF', 7, 'Atlético Madrid', '1991-03-21', 33, 129),
(376, 14, 'Aurélien', 'Tchouaméni', 'MF', 8, 'Real Madrid', '2000-01-27', 24, 31),
(377, 14, 'Olivier', 'Giroud', 'FW', 9, 'Milan', '1986-09-30', 37, 133),
(378, 14, 'Kylian', 'Mbappé', 'FW', 10, 'Paris Saint-Germain', '1998-12-20', 25, 79),
(379, 14, 'Ousmane', 'Dembélé', 'FW', 11, 'Paris Saint-Germain', '1997-05-15', 27, 44),
(380, 14, 'Randal', 'Kolo Muani', 'FW', 12, 'Paris Saint-Germain', '1998-12-05', 25, 17),
(381, 14, 'NGolo', 'Kanté', 'MF', 13, 'Al-Ittihad', '1991-03-29', 33, 55),
(382, 14, 'Adrien', 'Rabiot', 'MF', 14, 'Juventus', '1995-04-03', 29, 43),
(383, 14, 'Marcus', 'Thuram', 'FW', 15, 'Inter Milan', '1997-08-06', 26, 20),
(384, 14, 'Mike', 'Maignan', 'GK', 16, 'Milan', '1995-07-03', 28, 16),
(385, 14, 'William', 'Saliba', 'DF', 17, 'Arsenal', '2001-03-24', 23, 15),
(386, 14, 'Warren', 'Zaïre-Emery', 'MF', 18, 'Paris Saint-Germain', '2006-03-08', 18, 3),
(387, 14, 'Youssouf', 'Fofana', 'MF', 19, 'Monaco', '1999-01-10', 25, 18),
(388, 14, 'Kingsley', 'Coman', 'FW', 20, 'Bayern Munich', '1996-06-13', 28, 56),
(389, 14, 'Jonathan', 'Clauss', 'DF', 21, 'Marseille', '1992-09-25', 31, 13),
(390, 14, 'Théo', 'Hernandez', 'DF', 22, 'Milan', '1997-10-06', 26, 27),
(391, 14, 'Alphonse', 'Areola', 'GK', 23, 'West Ham United', '1993-02-27', 31, 5),
(392, 14, 'Ibrahima', 'Konaté', 'DF', 24, 'Liverpool', '1999-05-25', 25, 16),
(393, 14, 'Bradley', 'Barcola', 'FW', 25, 'Paris Saint-Germain', '2002-09-02', 21, 2);

INSERT INTO Players (player_id, team_id, first_name, last_name, position_played, jersey_number, league_team, date_of_birth, age, caps)
VALUES
(394, 15, 'Wojciech', 'Szczęsny', 'GK', 1, 'Juventus', '1990-04-18', 34, 82),
(395, 15, 'Bartosz', 'Salamon', 'DF', 2, 'Lech Poznań', '1991-05-01', 33, 14),
(396, 15, 'Paweł', 'Dawidowicz', 'MF', 3, 'Hellas Verona', '1995-05-20', 29, 11),
(397, 15, 'Sebastian', 'Walukiewicz', 'DF', 4, 'Empoli', '2000-04-05', 24, 4),
(398, 15, 'Jan', 'Bednarek', 'DF', 5, 'Southampton', '1996-04-12', 28, 57),
(399, 15, 'Jakub', 'Piotrowski', 'MF', 6, 'Ludogorets Razgrad', '1997-10-04', 26, 6),
(400, 15, 'Karol', 'Świderski', 'FW', 7, 'Hellas Verona', '1997-01-23', 27, 31),
(401, 15, 'Jakub', 'Moder', 'MF', 8, 'Brighton & Hove Albion', '1999-04-07', 25, 23),
(402, 15, 'Robert', 'Lewandowski', 'FW', 9, 'Barcelona', '1988-08-21', 35, 150),
(403, 15, 'Piotr', 'Zieliński', 'MF', 10, 'Napoli', '1994-05-20', 30, 90),
(404, 15, 'Kamil', 'Grosicki', 'MF', 11, 'Pogoń Szczecin', '1988-06-08', 36, 93),
(405, 15, 'Łukasz', 'Skorupski', 'GK', 12, 'Bologna', '1991-05-05', 33, 10),
(406, 15, 'Taras', 'Romanczuk', 'MF', 13, 'Jagiellonia Białystok', '1991-11-14', 32, 3),
(407, 15, 'Jakub', 'Kiwior', 'DF', 14, 'Arsenal', '2000-02-15', 24, 23),
(408, 15, 'Tymoteusz', 'Puchacz', 'DF', 15, '1. FC Kaiserslautern', '1999-01-23', 25, 14),
(409, 15, 'Adam', 'Buksa', 'FW', 16, 'Antalyaspor', '1996-07-12', 27, 15),
(410, 15, 'Damian', 'Szymański', 'MF', 17, 'AEK Athens', '1995-06-16', 28, 18),
(411, 15, 'Bartosz', 'Bereszyński', 'DF', 18, 'Empoli', '1992-07-12', 31, 55),
(412, 15, 'Przemysław', 'Frankowski', 'DF', 19, 'Lens', '1995-04-12', 29, 41),
(413, 15, 'Sebastian', 'Szymański', 'MF', 20, 'Fenerbahçe', '1999-05-10', 25, 34),
(414, 15, 'Nicola', 'Zalewski', 'MF', 21, 'Roma', '2002-01-23', 22, 18),
(415, 15, 'Marcin', 'Bułka', 'GK', 22, 'Nice', '1999-10-04', 24, 1),
(416, 15, 'Krzysztof', 'Piątek', 'FW', 23, 'İstanbul Başakşehir', '1995-07-01', 28, 29),
(417, 15, 'Michał', 'Skóraś', 'FW', 24, 'Club Brugge', '2000-02-15', 24, 8),
(418, 15, 'Kacper', 'Urbański', 'MF', 25, 'Bologna', '2004-09-07', 19, 2);

INSERT INTO Players (player_id, team_id, first_name, last_name, position_played, jersey_number, league_team, date_of_birth, age, caps)
VALUES
(419, 16, 'Florin', 'Niță', 'GK', 1, 'Gaziantep', '1987-07-03', 37, 21),
(420, 16, 'Andrei', 'Rațiu', 'DF', 2, 'Rayo Vallecano', '1998-06-20', 26, 17),
(421, 16, 'Radu', 'Drăgușin', 'DF', 3, 'Tottenham Hotspur', '2002-02-03', 22, 17),
(422, 16, 'Adrian', 'Rus', 'DF', 4, 'Pafos', '1996-03-18', 28, 20),
(423, 16, 'Ionuț', 'Nedelcearu', 'DF', 5, 'Palermo', '1996-04-25', 28, 27),
(424, 16, 'Marius', 'Marin', 'MF', 6, 'Pisa', '1998-08-30', 25, 18),
(425, 16, 'Denis', 'Alibec', 'FW', 7, 'Muaither', '1991-01-05', 33, 37),
(426, 16, 'Alexandru', 'Cicâldău', 'MF', 8, 'Konyaspor', '1997-07-08', 26, 37),
(427, 16, 'George', 'Pușcaș', 'FW', 9, 'Bari', '1996-04-08', 28, 42),
(428, 16, 'Ianis', 'Hagi', 'MF', 10, 'Alavés', '1998-10-22', 26, 35),
(429, 16, 'Nicușor', 'Bancu', 'DF', 11, 'Universitatea Craiova', '1992-09-18', 31, 36),
(430, 16, 'Horațiu', 'Moldovan', 'GK', 12, 'Atlético Madrid', '1998-01-20', 26, 11),
(431, 16, 'Valentin', 'Mihăilă', 'FW', 13, 'Parma', '2000-02-02', 24, 21),
(432, 16, 'Darius', 'Olaru', 'MF', 14, 'FCSB', '1998-03-03', 26, 18),
(433, 16, 'Andrei', 'Burcă', 'DF', 15, 'Al-Okhdood', '1993-04-15', 31, 27),
(434, 16, 'Ștefan', 'Târnovanu', 'GK', 16, 'FCSB', '2000-05-09', 24, 1),
(435, 16, 'Florinel', 'Coman', 'FW', 17, 'FCSB', '1998-04-10', 26, 15),
(436, 16, 'Răzvan', 'Marin', 'MF', 18, 'Empoli', '1996-05-23', 28, 55),
(437, 16, 'Denis', 'Drăguș', 'FW', 19, 'Gaziantep', '1999-07-06', 25, 11),
(438, 16, 'Dennis', 'Man', 'FW', 20, 'Parma', '1998-08-26', 26, 24),
(439, 16, 'Nicolae', 'Stanciu', 'MF', 21, 'Damac', '1993-05-07', 31, 70),
(440, 16, 'Vasile', 'Mogoș', 'DF', 22, 'CFR Cluj', '1992-10-31', 31, 7),
(441, 16, 'Deian', 'Sorescu', 'MF', 23, 'Gaziantep', '1997-08-29', 26, 17),
(442, 16, 'Bogdan', 'Racovițan', 'DF', 24, 'Raków Częstochowa', '2000-06-06', 24, 2),
(443, 16, 'Daniel', 'Bîrligea', 'FW', 25, 'CFR Cluj', '2000-04-19', 24, 2),
(444, 16, 'Adrian', 'Șut', 'MF', 26, 'FCSB', '1999-04-30', 25, 2); 

INSERT INTO Players (player_id, team_id, first_name, last_name, position_played, jersey_number, league_team, date_of_birth, age, caps)
VALUES
(445, 17, 'Koen', 'Casteels', 'GK', 1, 'VfL Wolfsburg', '1992-06-25', 32, 10),
(446, 17, 'Zeno', 'Debast', 'DF', 2, 'Anderlecht', '2003-10-24', 20, 8),
(447, 17, 'Arthur', 'Theate', 'DF', 3, 'Rennes', '2000-05-25', 24, 15),
(448, 17, 'Wout', 'Faes', 'DF', 4, 'Leicester City', '1998-04-03', 26, 15),
(449, 17, 'Jan', 'Vertonghen', 'DF', 5, 'Anderlecht', '1987-04-24', 37, 154),
(450, 17, 'Axel', 'Witsel', 'MF', 6, 'Atlético Madrid', '1989-01-12', 35, 132),
(451, 17, 'Kevin', 'De Bruyne', 'MF', 7, 'Manchester City', '1991-06-28', 33, 101),
(452, 17, 'Youri', 'Tielemans', 'MF', 8, 'Aston Villa', '1997-05-07', 27, 67),
(453, 17, 'Leandro', 'Trossard', 'MF', 9, 'Arsenal', '1994-12-04', 29, 34),
(454, 17, 'Romelu', 'Lukaku', 'FW', 10, 'Roma', '1993-05-13', 31, 115),
(455, 17, 'Yannick', 'Carrasco', 'FW', 11, 'Al-Shabab', '1993-09-04', 31, 74),
(456, 17, 'Thomas', 'Kaminski', 'GK', 12, 'Luton Town', '1992-10-23', 31, 1),
(457, 17, 'Matz', 'Sels', 'GK', 13, 'Nottingham Forest', '1992-02-26', 32, 8),
(458, 17, 'Dodi', 'Lukebakio', 'FW', 14, 'Sevilla', '1997-09-24', 26, 15),
(459, 17, 'Thomas', 'Meunier', 'DF', 15, 'Trabzonspor', '1991-09-12', 32, 66),
(460, 17, 'Aster', 'Vranckx', 'MF', 16, 'VfL Wolfsburg', '2002-10-04', 22, 7),
(461, 17, 'Charles', 'De Ketelaere', 'FW', 17, 'Atalanta', '2001-03-10', 23, 15),
(462, 17, 'Orel', 'Mangala', 'MF', 18, 'Lyon', '1998-03-18', 26, 15),
(463, 17, 'Johan', 'Bakayoko', 'FW', 19, 'PSV Eindhoven', '2003-04-20', 21, 12),
(464, 17, 'Loïs', 'Openda', 'FW', 20, 'RB Leipzig', '2000-02-16', 24, 17),
(465, 17, 'Timothy', 'Castagne', 'DF', 21, 'Fulham', '1995-12-05', 28, 43),
(466, 17, 'Jérémy', 'Doku', 'FW', 22, 'Manchester City', '2002-05-27', 22, 22),
(477, 17, 'Arthur', 'Vermeeren', 'MF', 23, 'Atlético Madrid', '2005-02-07', 19, 4),
(478, 17, 'Amadou', 'Onana', 'MF', 24, 'Everton', '2001-07-16', 22, 13),
(479, 17, 'Maxim', 'De Cuyper', 'MF', 25, 'Club Brugge', '2000-12-22', 23, 2);

INSERT INTO Players (player_id, team_id, first_name, last_name, position_played, jersey_number, league_team, date_of_birth, age, caps)
VALUES
-- Team ID 18
(480, 18, 'Martin', 'Dúbravka', 'GK', 1, 'Newcastle United', '1989-01-15', 35, 43),
(481, 18, 'Peter', 'Pekarík', 'DF', 2, 'Hertha BSC', '1986-10-30', 37, 127),
(482, 18, 'Denis', 'Vavro', 'DF', 3, 'Copenhagen', '1996-04-10', 28, 20),
(483, 18, 'Adam', 'Obert', 'DF', 4, 'Cagliari', '2002-08-23', 22, 5),
(484, 18, 'Tomáš', 'Rigo', 'MF', 5, 'Baník Ostrava', '2002-07-03', 22, 1),
(485, 18, 'Norbert', 'Gyömbér', 'DF', 6, 'Salernitana', '1992-07-03', 32, 39),
(486, 18, 'Tomáš', 'Suslov', 'FW', 7, 'Hellas Verona', '2002-06-07', 22, 28),
(487, 18, 'Ondrej', 'Duda', 'MF', 8, 'Hellas Verona', '1994-12-05', 29, 72),
(488, 18, 'Róbert', 'Boženík', 'FW', 9, 'Boavista', '1999-11-18', 24, 40),
(489, 18, 'Ľubomír', 'Tupta', 'FW', 10, 'Slovan Liberec', '1998-03-27', 26, 6),
(490, 18, 'László', 'Bénes', 'MF', 11, 'Hamburger SV', '1997-09-09', 27, 22),
(491, 18, 'Marek', 'Rodák', 'GK', 12, 'Fulham', '1996-12-13', 27, 22),
(492, 18, 'Patrik', 'Hrošovský', 'MF', 13, 'Genk', '1992-04-22', 32, 55),
(493, 18, 'Milan', 'Škriniar', 'DF', 14, 'Paris Saint-Germain', '1995-02-11', 29, 68),
(494, 18, 'Vernon', 'De Marco', 'DF', 15, 'Hatta', '1992-11-18', 31, 10),
(495, 18, 'Dávid', 'Hancko', 'DF', 16, 'Feyenoord', '1997-12-13', 26, 38),
(496, 18, 'Lukáš', 'Haraslín', 'FW', 17, 'Sparta Prague', '1996-05-26', 28, 36),
(497, 18, 'David', 'Strelec', 'FW', 18, 'Slovan Bratislava', '2001-04-04', 23, 18),
(498, 18, 'Juraj', 'Kucka', 'MF', 19, 'Slovan Bratislava', '1987-02-26', 37, 107),
(499, 18, 'Dávid', 'Ďuriš', 'FW', 20, 'Ascoli', '1999-03-22', 25, 12),
(500, 18, 'Matúš', 'Bero', 'MF', 21, 'VfL Bochum', '1995-09-06', 28, 30),
(501, 18, 'Stanislav', 'Lobotka', 'MF', 22, 'Napoli', '1994-11-25', 29, 55),
(502, 18, 'Henrich', 'Ravas', 'GK', 23, 'New England Revolution', '1997-08-16', 26, 0),
(503, 18, 'Leo', 'Sauer', 'FW', 24, 'Feyenoord', '2005-12-16', 18, 2),
(504, 18, 'Sebastian', 'Kóša', 'DF', 25, 'Spartak Trnava', '2003-09-13', 20, 1),
(505, 18, 'Ivan', 'Schranz', 'FW', 26, 'Slavia Prague', '1993-09-13', 30, 22);

INSERT INTO Players (player_id, team_id, first_name, last_name, position_played, jersey_number, league_team, date_of_birth, age, caps)
VALUES

(506, 19, 'Heorhiy', 'Bushchan', 'GK', 1, 'Dynamo Kyiv', '1994-05-31', 30, 18),
(507, 19, 'Yukhym', 'Konoplya', 'DF', 2, 'Shakhtar Donetsk', '1999-08-26', 24, 14),
(508, 19, 'Oleksandr', 'Svatok', 'DF', 3, 'Dnipro-1', '1994-09-27', 29, 6),
(509, 19, 'Maksym', 'Talovyerov', 'DF', 4, 'LASK', '2000-06-28', 23, 3),
(510, 19, 'Serhiy', 'Sydorchuk', 'MF', 5, 'Westerlo', '1991-05-02', 33, 61),
(511, 19, 'Taras', 'Stepanenko', 'MF', 6, 'Shakhtar Donetsk', '1989-08-08', 34, 83),
(512, 19, 'Andriy', 'Yarmolenko', 'MF', 7, 'Dynamo Kyiv', '1989-10-23', 34, 119),
(513, 19, 'Ruslan', 'Malinovskyi', 'MF', 8, 'Genoa', '1993-05-04', 31, 61),
(514, 19, 'Roman', 'Yaremchuk', 'FW', 9, 'Valencia', '1995-11-27', 28, 50),
(515, 19, 'Mykhaylo', 'Mudryk', 'FW', 10, 'Chelsea', '2001-01-05', 23, 21),
(516, 19, 'Artem', 'Dovbyk', 'FW', 11, 'Girona', '1997-06-21', 26, 28),
(517, 19, 'Anatoliy', 'Trubin', 'GK', 12, 'Benfica', '2001-08-01', 22, 11),
(518, 19, 'Illya', 'Zabarnyi', 'DF', 13, 'Bournemouth', '2002-09-01', 21, 36),
(519, 19, 'Heorhiy', 'Sudakov', 'MF', 14, 'Shakhtar Donetsk', '2002-09-01', 21, 17),
(520, 19, 'Viktor', 'Tsyhankov', 'MF', 15, 'Girona', '1997-11-15', 26, 54),
(521, 19, 'Vitaliy', 'Mykolenko', 'DF', 16, 'Everton', '1999-05-29', 25, 41),
(522, 19, 'Oleksandr', 'Zinchenko', 'DF', 17, 'Arsenal', '1996-12-15', 27, 63),
(523, 19, 'Volodymyr', 'Brazhko', 'MF', 18, 'Dynamo Kyiv', '2002-01-23', 22, 4),
(524, 19, 'Mykola', 'Shaparenko', 'MF', 19, 'Dynamo Kyiv', '1998-10-04', 25, 31),
(525, 19, 'Oleksandr', 'Zubkov', 'MF', 20, 'Shakhtar Donetsk', '1996-08-03', 27, 33),
(526, 19, 'Valeriy', 'Bondar', 'DF', 21, 'Shakhtar Donetsk', '1999-02-27', 25, 4),
(527, 19, 'Mykola', 'Matviyenko', 'DF', 22, 'Shakhtar Donetsk', '1996-05-02', 28, 65),
(528, 19, 'Andriy', 'Lunin', 'GK', 23, 'Real Madrid', '1999-02-11', 25, 12),
(529, 19, 'Oleksandr', 'Tymchyk', 'DF', 24, 'Dynamo Kyiv', '1997-01-20', 27, 17),
(530, 19, 'Vladyslav', 'Vanat', 'FW', 25, 'Dynamo Kyiv', '2002-01-04', 22, 6),
(531, 19, 'Bohdan', 'Mykhaylichenko', 'DF', 26, 'Polissya Zhytomyr', '1997-03-21', 27, 8);

INSERT INTO Players (player_id, team_id, first_name, last_name, position_played, jersey_number, league_team, date_of_birth, age, caps)
VALUES
(532, 20, 'Rui', 'Patrício', 'GK', 1, 'Roma', '1988-02-15', 36, 108),
(533, 20, 'Nélson', 'Semedo', 'DF', 2, 'Wolverhampton Wanderers', '1993-11-16', 30, 30),
(534, 20, 'Pepe', 'Pepe', 'DF', 3, 'Porto', '1983-02-26', 41, 137),
(535, 20, 'Rúben', 'Dias', 'DF', 4, 'Manchester City', '1997-05-14', 27, 56),
(536, 20, 'Diogo', 'Dalot', 'DF', 5, 'Manchester United', '1999-03-18', 25, 20),
(537, 20, 'João', 'Palhinha', 'MF', 6, 'Fulham', '1995-07-09', 28, 27),
(538, 20, 'Cristiano', 'Ronaldo', 'FW', 7, 'Al Nassr', '1985-02-05', 39, 207),
(539, 20, 'Bruno', 'Fernandes', 'MF', 8, 'Manchester United', '1994-09-08', 29, 67),
(540, 20, 'Gonçalo', 'Ramos', 'FW', 9, 'Paris Saint-Germain', '2001-06-20', 22, 13),
(541, 20, 'Bernardo', 'Silva', 'MF', 10, 'Manchester City', '1994-08-10', 29, 89),
(542, 20, 'João', 'Félix', 'FW', 11, 'Barcelona', '1999-11-10', 24, 39),
(543, 20, 'José', 'Sá', 'GK', 12, 'Wolverhampton Wanderers', '1993-01-17', 31, 2),
(544, 20, 'Danilo', 'Pereira', 'MF', 13, 'Paris Saint-Germain', '1991-09-09', 32, 73),
(545, 20, 'Gonçalo', 'Inácio', 'DF', 14, 'Sporting CP', '2001-08-25', 22, 9),
(546, 20, 'João', 'Neves', 'MF', 15, 'Benfica', '2004-09-27', 19, 7),
(547, 20, 'Matheus', 'Nunes', 'MF', 16, 'Manchester City', '1998-08-27', 25, 14),
(548, 20, 'Rafael', 'Leão', 'FW', 17, 'Milan', '1999-06-10', 25, 27),
(549, 20, 'Rúben', 'Neves', 'MF', 18, 'Al Hilal', '1997-03-13', 27, 47),
(550, 20, 'Nuno', 'Mendes', 'DF', 19, 'Paris Saint-Germain', '2002-06-19', 22, 23),
(551, 20, 'João', 'Cancelo', 'DF', 20, 'Barcelona', '1994-05-27', 30, 54),
(552, 20, 'Diogo', 'Jota', 'FW', 21, 'Liverpool', '1996-12-04', 27, 39),
(553, 20, 'Diogo', 'Costa', 'GK', 22, 'Porto', '1999-09-19', 24, 22),
(554, 20, 'Vitinha', 'Vitinha', 'MF', 23, 'Paris Saint-Germain', '2000-02-13', 24, 17),
(555, 20, 'António', 'Silva', 'DF', 24, 'Benfica', '2003-10-30', 20, 11),
(556, 20, 'Pedro', 'Neto', 'MF', 25, 'Wolverhampton Wanderers', '2000-03-09', 24, 7),
(557, 20, 'Francisco', 'Conceição', 'FW', 26, 'Porto', '2002-12-14', 21, 2);

INSERT INTO Players (player_id, team_id, first_name, last_name, position_played, jersey_number, league_team, date_of_birth, age, caps)
VALUES
(558, 21, 'Mert', 'Günok', 'GK', 1, 'Beşiktaş', '1989-03-01', 35, 29),
(559, 21, 'Zeki', 'Çelik', 'DF', 2, 'Roma', '1997-02-17', 27, 45),
(560, 21, 'Merih', 'Demiral', 'DF', 3, 'Al-Ahli', '1998-03-05', 26, 44),
(561, 21, 'Samet', 'Akaydin', 'DF', 4, 'Panathinaikos', '1994-03-13', 30, 6),
(562, 21, 'Okay', 'Yokuşlu', 'MF', 5, 'West Bromwich Albion', '1994-03-09', 30, 40),
(563, 21, 'Orkun', 'Kökçü', 'MF', 6, 'Benfica', '2000-12-29', 23, 28),
(564, 21, 'Kerem', 'Aktürkoğlu', 'FW', 7, 'Galatasaray', '1998-10-21', 25, 29),
(565, 21, 'Arda', 'Güler', 'FW', 8, 'Real Madrid', '2005-02-25', 19, 7),
(566, 21, 'Cenk', 'Tosun', 'FW', 9, 'Beşiktaş', '1991-06-07', 33, 51),
(567, 21, 'Hakan', 'Çalhanoğlu', 'MF', 10, 'Inter Milan', '1994-02-08', 30, 86),
(568, 21, 'Yusuf', 'Yazıcı', 'FW', 11, 'Lille', '1997-01-29', 27, 43),
(569, 21, 'Altay', 'Bayındır', 'GK', 12, 'Manchester United', '1998-04-14', 26, 9),
(570, 21, 'Ahmetcan', 'Kaplan', 'DF', 13, 'Ajax', '2003-01-16', 21, 0),
(571, 21, 'Abdülkerim', 'Bardakcı', 'DF', 14, 'Galatasaray', '1994-09-07', 29, 8),
(572, 21, 'Salih', 'Özcan', 'MF', 15, 'Borussia Dortmund', '1998-01-11', 26, 18),
(573, 21, 'İsmail', 'Yüksek', 'MF', 16, 'Fenerbahçe', '1999-01-26', 25, 14),
(574, 21, 'İrfan', 'Kahveci', 'FW', 17, 'Fenerbahçe', '1995-07-15', 28, 32),
(575, 21, 'Mert', 'Müldür', 'DF', 18, 'Fenerbahçe', '1999-04-03', 25, 24),
(576, 21, 'Kenan', 'Yıldız', 'FW', 19, 'Juventus', '2005-05-04', 19, 7),
(577, 21, 'Ferdi', 'Kadıoğlu', 'DF', 20, 'Fenerbahçe', '1999-10-07', 24, 15),
(578, 21, 'Barış', 'Alper Yılmaz', 'FW', 21, 'Galatasaray', '2000-05-23', 24, 15),
(579, 21, 'Kaan', 'Ayhan', 'MF', 22, 'Galatasaray', '1994-11-10', 29, 58),
(580, 21, 'Uğurcan', 'Çakır', 'GK', 23, 'Trabzonspor', '1996-04-05', 28, 27),
(581, 21, 'Semih', 'Kılıçsoy', 'FW', 24, 'Beşiktaş', '2005-08-15', 18, 2),
(582, 21, 'Yunus', 'Akgün', 'FW', 25, 'Leicester City', '2000-07-07', 23, 9),
(583, 21, 'Bertuğ', 'Yıldırım', 'FW', 26, 'Rennes', '2002-01-12', 22, 3);

UPDATE Players
SET team_id = 21
WHERE team_id = 30;

select *
from Players

INSERT INTO Players (player_id, team_id, first_name, last_name, position_played, jersey_number, league_team, date_of_birth, age, caps)
VALUES
(584, 22, 'Giorgi', 'Loria', 'GK', 1, 'Dinamo Tbilisi', '1986-01-27', 38, 78),
(585, 22, 'Otar', 'Kakabadze', 'DF', 2, 'Cracovia', '1995-06-27', 28, 61),
(586, 22, 'Lasha', 'Dvali', 'DF', 3, 'APOEL', '1995-05-14', 29, 32),
(587, 22, 'Guram', 'Kashia', 'DF', 4, 'Slovan Bratislava', '1987-07-04', 37, 113),
(588, 22, 'Solomon', 'Kvirkvelia', 'DF', 5, 'Al-Okhdood', '1992-02-06', 32, 58),
(589, 22, 'Giorgi', 'Kochorashvili', 'MF', 6, 'Levante', '1999-06-29', 24, 8),
(590, 22, 'Khvicha', 'Kvaratskhelia', 'FW', 7, 'Napoli', '2001-02-12', 23, 30),
(591, 22, 'Budu', 'Zivzivadze', 'FW', 8, 'Karlsruher SC', '1994-03-10', 30, 26),
(592, 22, 'Zuriko', 'Davitashvili', 'MF', 9, 'Bordeaux', '2001-02-15', 23, 35),
(593, 22, 'Giorgi', 'Chakvetadze', 'MF', 10, 'Watford', '1999-08-29', 24, 25),
(594, 22, 'Giorgi', 'Kvilitaia', 'FW', 11, 'APOEL', '1993-10-01', 30, 37),
(595, 22, 'Luka', 'Gugeshashvili', 'GK', 12, 'Qarabağ', '1999-04-29', 25, 1),
(596, 22, 'Giorgi', 'Gocholeishvili', 'DF', 13, 'Shakhtar Donetsk', '2001-02-14', 23, 8),
(597, 22, 'Luka', 'Lochoshvili', 'DF', 14, 'Cremonese', '1998-05-29', 26, 10),
(598, 22, 'Giorgi', 'Gvelesiani', 'DF', 15, 'Persepolis', '1991-05-05', 33, 1),
(599, 22, 'Nika', 'Kvekveskiri', 'MF', 16, 'Lech Poznań', '1992-05-29', 32, 60),
(600, 22, 'Otar', 'Kiteishvili', 'MF', 17, 'Sturm Graz', '1996-03-26', 28, 37),
(601, 22, 'Sandro', 'Altunashvili', 'MF', 18, 'Wolfsberger AC', '1997-05-19', 27, 5),
(602, 22, 'Levan', 'Shengelia', 'MF', 19, 'Panetolikos', '1995-10-27', 28, 17),
(603, 22, 'Anzor', 'Mekvabishvili', 'MF', 20, 'Universitatea Craiova', '2001-06-05', 23, 14),
(604, 22, 'Giorgi', 'Tsitaishvili', 'MF', 21, 'Dinamo Batumi', '2000-11-18', 23, 17),
(605, 22, 'Georges', 'Mikautadze', 'FW', 22, 'Metz', '2000-10-31', 23, 25),
(606, 22, 'Saba', 'Lobzhanidze', 'MF', 23, 'Atlanta United', '1994-12-18', 29, 36),
(607, 22, 'Jemal', 'Tabidze', 'DF', 24, 'Panetolikos', '1996-03-18', 28, 15),
(608, 22, 'Giorgi', 'Mamardashvili', 'GK', 25, 'Valencia', '2000-09-29', 23, 17),
(609, 22, 'Gabriel', 'Sigua', 'MF', 26, 'Basel', '2005-06-30', 18, 2);

INSERT INTO Players (player_id, team_id, first_name, last_name, position_played, jersey_number, league_team, date_of_birth, age, caps)
VALUES
(610, 23, 'Giorgi', 'Loria', 'GK', 1, 'Omonia Aradippou', '1986-01-27', 38, 78),
(611, 23, 'Otar', 'Kakabadze',	'DF', 2, 'Cracovia', '1995-06-27', 29, 65), 
(612, 23, 'Lasha', 'Dvali', 'DF', 3, 'APOEL', '1995-05-14', 29, 36),
(613, 23, 'Guram', 'Kashia', 'DF',  4, 'Slovan Bratislava', '1987-07-04', 37, 117),	 
(614, 23, 'Solomon', 'Kvirkvelia', 'DF', 5, 'Al-Okhdood', '1992-02-06', 32, 61),
(615, 23, 'Giorgi', 'Kochorashvili', 'MF', 6, 'Levante','1999-06-29', 25, 12),
(616, 23, 'Khvicha', 'Kvaratskhelia', 'FW', 7, 'Napoli', '2001-02-12', 23, 34),
(617, 23, 'Budu', 'Zivzivadze', 'FW', 8, 'Karlsruher SC', '1994-03-10', 30, 28),
(618, 23, 'Zuriko', 'Davitashvili', 'MF', 9, 'Saint-Étienne', '2001-02-15', 23, 39),
(619, 23, 'Giorgi', 'Chakvetadze', 'MF',  10, 'Watford', '1999-07-29', 24, 29),
(620, 23, 'Giorgi', 'Kvilitaia', 'FW', 11, 'Aris Limassol', '1993-10-01',  30, 38),
(621, 23, 'Luka', 'Gugeshashvili', 'GK', 12, 'Panserraikos', '1999-04-29', 25,	1),
(622, 23, 'Giorgi', 'Gocholeishvili', 'DF', 13, 'Copenhagen', '2001-02-14', 23,  8),
(623, 23, 'Luka', 'Lochoshvili', 'DF', 14,	'Cremonese', '1998-05-29', 26,	14),
(624, 23, 'Giorgi', 'Gvelesiani', 'DF', 15,  'Persepolis', '1991-04-05', 33, 4),
(625, 23, 'Nika', 'Kvekveskiri', 'MF', 16, 'Lech Poznań', '1992-05-29', 32, 61),
(626, 23, 'Otar', 'Kiteishvili', 'MF', 17, 'Sturm Graz', '1996-03-26', 28, 39), 
(627, 23, 'Sandro', 'Altunashvili', 'MF', 18, 'Wolfsberger AC', '1997-05-19', 27, 7), 
(628, 23, 'Levan', 'Shengelia', 'MF', 19, 'Panetolikos', '1995-10-27', 28, 17), 
(629, 23, 'Anzor', 'Mekvabishvili', 'MF', 20, 'Universitatea Craiova', '2001-06-05', 23, 17), 
(630, 23, 'Giorgi', 'Tsitaishvili', 'MF', 21, 'Granada', '2000-11-18', 23, 21), 
(631, 23, 'Georges', 'Mikautadze', 'FW', 22, 'Lyon', '2000-10-31', 23,	29),
(632, 23, 'Saba', 'Lobzhanidze', 'MF', 23, 'Atlanta United', '1994-12-18', 29, 37), 
(633, 23, 'Jemal', 'Tabidze', 'DF', 24, 'Panetolikos', '1996-03-18', 28, 15),
(634, 23, 'Giorgi', 'Mamardashvili', 'GK',  25, 'Valencia', '2000-09-29', 23,	21),
(635, 23, 'Gabriel', 'Sigua', 'MF', 26, 'Basel', '2005-06-30', 19, 2);


INSERT INTO Players (player_id, team_id, first_name, last_name, position_played, jersey_number, league_team, date_of_birth, age, caps)
VALUES
(636, 24, 'Bart', 'Verbruggen', 'GK', 1, 'Brighton & Hove Albion', '2002-08-18', 21, 7),
(637, 24, 'Lutsharel', 'Geertruida', 'DF', 2, 'Feyenoord', '2000-07-18', 23, 9),
(638, 24, 'Matthijs', 'de Ligt', 'DF', 3, 'Bayern Munich', '1999-08-12', 24, 45),
(639, 24, 'Virgil', 'van Dijk', 'DF', 4, 'Liverpool', '1991-07-08', 32, 68),
(640, 24, 'Nathan', 'Aké', 'DF', 5, 'Manchester City', '1995-02-18', 29, 45),
(641, 24, 'Stefan', 'de Vrij', 'DF', 6, 'Inter Milan', '1992-02-05', 32, 64),
(642, 24, 'Xavi', 'Simons', 'FW', 7, 'RB Leipzig', '2003-04-21', 21, 14),
(643, 24, 'Georginio', 'Wijnaldum', 'MF', 8, 'Al-Ettifaq', '1990-11-11', 33, 93),
(644, 24, 'Wout', 'Weghorst', 'FW', 9, 'TSG Hoffenheim', '1992-08-07', 31, 33),
(645, 24, 'Memphis', 'Depay', 'FW', 10, 'Atlético Madrid', '1994-02-13', 30, 92),
(646, 24, 'Cody', 'Gakpo', 'FW', 11, 'Liverpool', '1999-05-07', 25, 24),
(647, 24, 'Jeremie', 'Frimpong', 'FW', 12, 'Bayer Leverkusen', '2000-12-10', 23, 4),
(648, 24, 'Justin', 'Bijlow', 'GK', 13, 'Feyenoord', '1998-01-22', 26, 8),
(649, 24, 'Tijjani', 'Reijnders', 'MF', 14, 'Milan', '1998-07-29', 25, 9),
(650, 24, 'Micky', 'van de Ven', 'DF', 15, 'Tottenham Hotspur', '2001-04-19', 23, 4),
(651, 24, 'Joey', 'Veerman', 'MF', 16, 'PSV Eindhoven', '1998-11-19', 25, 10),
(652, 24, 'Daley', 'Blind', 'DF', 17, 'Girona', '1990-03-09', 34, 107),
(653, 24, 'Donyell', 'Malen', 'FW', 18, 'Borussia Dortmund', '1999-01-19', 25, 32),
(654, 24, 'Brian', 'Brobbey', 'FW', 19, 'Ajax', '2002-02-01', 22, 2),
(655, 24, 'Ian', 'Maatsen', 'MF', 20, 'Borussia Dortmund', '2002-03-10', 22, 0),
(656, 24, 'Joshua', 'Zirkzee', 'FW', 21, 'Bologna', '2001-05-22', 23, 0),
(657, 24, 'Denzel', 'Dumfries', 'DF', 22, 'Inter Milan', '1996-04-18', 28, 53),
(658, 24, 'Mark', 'Flekken', 'GK', 23, 'Brentford', '1993-06-13', 31, 7),
(659, 24, 'Jerdy', 'Schouten', 'MF', 24, 'PSV Eindhoven', '1997-01-12', 27, 5),
(660, 24, 'Steven', 'Bergwijn', 'FW', 25, 'Ajax', '1997-10-08', 26, 33),
(661, 24, 'Ryan', 'Gravenberch', 'MF', 26, 'Liverpool', '2002-05-16', 22, 12);


SELECT 
    team_id, 
    AVG(age) 
FROM 
    Players
GROUP BY 
    team_id
ORDER BY 
    team_id DESC;

create table Team_stats (
     team_id INT primary key not null,
     -- Foreign key referencing Teams(team_Id)
     country VARCHAR(50),
     games_played INT,
     games_won INT,
     draws INT,
     games_lost INT,
     yellow_cards INT,
     red_cards INT,
     goals INT,
     saves INT,
     attempts INT
);
 select * from Team_stats; 

INSERT INTO Team_stats (team_id, country, games_played, games_won, draws, games_lost, yellow_cards, red_cards, goals, saves, attempts)
VALUES
    (1, 'Germany', 5, 3, 1, 1, 14, 0, 11, 11, 94),
    (2, 'Switzerland', 5, 3, 0, 2, 10, 0, 8, 8, 58),
    (3, 'Hungary', 3, 1, 0, 2, 10, 0, 2, 9, 30),
    (4, 'Scotland', 3, 0, 1, 2, 5, 1, 2, 12, 16),
    (5, 'Spain', 7, 7, 0, 0, 16, 1, 15, 18, 123),
    (6, 'Italy', 4, 1, 1, 2, 10, 0, 3, 14, 43),
    (7, 'Croatia', 3, 0, 2, 1, 7, 0, 3, 9, 42),
    (8, 'Albania', 3, 0, 1, 2, 7, 0, 3, 9, 33),
    (9, 'England', 7, 3, 3, 1, 14, 0, 8, 17, 75),
    (10, 'Denmark', 3, 0, 3, 0, 9, 0, 2, 12, 52),
    (11, 'Slovenia', 3, 0, 4, 0, 11, 1, 2, 14, 35),
    (12, 'Serbia', 3, 0, 2, 1, 9, 0, 1, 8, 26),
    (13, 'Austria', 4, 2, 0, 2, 12, 0, 7, 7, 52),
    (14, 'France', 6, 2, 3, 1, 9, 0, 4, 16, 98),
    (15, 'Poland', 3, 0, 1, 2, 8, 0, 3, 16, 36),
    (16, 'Netherlands', 6, 3, 1, 2, 11, 0, 10, 18, 80),
    (17, 'Romania', 4, 1, 1, 2, 9, 0, 4, 16, 37),
    (18, 'Belgium', 4, 1, 1, 2, 8, 0, 2, 14, 52),
    (19, 'Slovakia', 4, 1, 1, 2, 8, 0, 4, 12, 50),
    (20, 'Ukraine', 3, 1, 1, 1, 3, 0, 2, 10, 42),
    (21, 'Portugal', 5, 2, 2, 1, 10, 0, 5, 11, 89),
    (22, 'Türkiye', 5, 3, 0, 2, 20, 1, 8, 16, 71),
    (23, 'Georgia', 4, 1, 1, 2, 7, 0, 5, 29, 31),
    (24, 'Czechia', 3, 0, 1, 2, 13, 2, 3, 10, 43);

/*adding_a_new_column_fifa_ranking_with_values*/
-- Step 1: Add the fifa_ranking column
ALTER TABLE Team_stats
ADD COLUMN fifa_ranking INT;

-- Step 2: Update the fifa_ranking for each team
-- noted error UPDATE statement should be separated by a semicolon (;) and you should not use commas to separate them.
UPDATE Team_stats SET fifa_ranking = 13 WHERE country = 'Germany';
UPDATE Team_stats SET fifa_ranking = 15 WHERE country = 'Switzerland';
UPDATE Team_stats SET fifa_ranking = 31 WHERE country = 'Hungary';
UPDATE Team_stats SET fifa_ranking = 48 WHERE country = 'Scotland';
UPDATE Team_stats SET fifa_ranking = 3 WHERE country = 'Spain';
UPDATE Team_stats SET fifa_ranking = 10 WHERE country = 'Italy';
UPDATE Team_stats SET fifa_ranking = 12 WHERE country = 'Croatia';
UPDATE Team_stats SET fifa_ranking = 66 WHERE country = 'Albania';
UPDATE Team_stats SET fifa_ranking = 4 WHERE country = 'England';
UPDATE Team_stats SET fifa_ranking = 21 WHERE country = 'Denmark';
UPDATE Team_stats SET fifa_ranking = 52 WHERE country = 'Slovenia';
UPDATE Team_stats SET fifa_ranking = 32 WHERE country = 'Serbia';
UPDATE Team_stats SET fifa_ranking = 22 WHERE country = 'Austria';
UPDATE Team_stats SET fifa_ranking = 2 WHERE country = 'France';
UPDATE Team_stats SET fifa_ranking = 28 WHERE country = 'Poland';
UPDATE Team_stats SET fifa_ranking = 7 WHERE country = 'Netherlands';
UPDATE Team_stats SET fifa_ranking = 45 WHERE country = 'Romania';
UPDATE Team_stats SET fifa_ranking = 6 WHERE country = 'Belgium';
UPDATE Team_stats SET fifa_ranking = 44 WHERE country = 'Slovakia';
UPDATE Team_stats SET fifa_ranking = 25 WHERE country = 'Ukraine';
UPDATE Team_stats SET fifa_ranking = 8 WHERE country = 'Portugal';
UPDATE Team_stats SET fifa_ranking = 26 WHERE country = 'Turkiye';
UPDATE Team_stats SET fifa_ranking = 70 WHERE country = 'Georgia';
UPDATE Team_stats SET fifa_ranking = 47 WHERE country = 'Czechia';

select * from Team_stats 
--update  'Türkiye', to 'Turkiye'in first code in creating the Team_stats table
UPDATE Team_stats
SET country = 'Turkiye'
WHERE country = 'Türkiye';
